{
  "_fv": 77,
  "_type": "tool",
  "definition": {
    "toolType": "Spade",
    "renderType": 0,
    "blockingRenderType": 0,
    "texture": "amethyst_shovel",
    "customModelName": "Normal",
    "blockingModelName": "Normal blocking",
    "name": "Amethyst Shovel",
    "specialInformation": {
      "fixedValue": []
    },
    "creativeTabs": [
      {
        "value": "CUSTOM:Herramientas"
      }
    ],
    "efficiency": 7.0,
    "attackSpeed": 4.0,
    "enchantability": 12,
    "damageVsEntity": 4.0,
    "usageCount": 2600,
    "glowCondition": {
      "fixedValue": false
    },
    "repairItems": [
      {
        "value": "Blocks.AMETHYST_BLOCK"
      }
    ],
    "immuneToFire": false,
    "blockDropsTier": "DIAMOND",
    "blocksAffected": [],
    "stayInGridWhenCrafting": false,
    "damageOnCrafting": false
  }
}