{
  "_fv": 77,
  "_type": "tool",
  "definition": {
    "toolType": "Spade",
    "renderType": 0,
    "blockingRenderType": 0,
    "texture": "aquadark_shovel",
    "customModelName": "Normal",
    "blockingModelName": "Normal blocking",
    "name": "AquaDark Shovel",
    "specialInformation": {
      "fixedValue": []
    },
    "creativeTabs": [
      {
        "value": "CUSTOM:Herramientas"
      }
    ],
    "efficiency": 11.0,
    "attackSpeed": 1.0,
    "enchantability": 13,
    "damageVsEntity": 3.0,
    "usageCount": 7000,
    "glowCondition": {
      "fixedValue": false
    },
    "repairItems": [
      {
        "value": "CUSTOM:AquaDarkPlanks"
      }
    ],
    "immuneToFire": false,
    "blockDropsTier": "GOLD",
    "blocksAffected": [],
    "stayInGridWhenCrafting": false,
    "damageOnCrafting": false
  }
}