{
  "_fv": 77,
  "_type": "tool",
  "definition": {
    "toolType": "Pickaxe",
    "renderType": 0,
    "blockingRenderType": 0,
    "texture": "copper_pickaxe",
    "customModelName": "Normal",
    "blockingModelName": "Normal blocking",
    "name": "Copper Pickaxe",
    "specialInformation": {
      "fixedValue": []
    },
    "creativeTabs": [
      {
        "value": "CUSTOM:Herramientas"
      }
    ],
    "efficiency": 11.0,
    "attackSpeed": 3.0,
    "enchantability": 15,
    "damageVsEntity": 3.0,
    "usageCount": 7890,
    "glowCondition": {
      "fixedValue": false
    },
    "repairItems": [
      {
        "value": "Items.COPPER_INGOT"
      }
    ],
    "immuneToFire": false,
    "blockDropsTier": "DIAMOND",
    "blocksAffected": [],
    "stayInGridWhenCrafting": false,
    "damageOnCrafting": false
  }
}