{
  "_fv": 77,
  "_type": "fluid",
  "definition": {
    "name": "Cursed",
    "bucketName": "Cursed Bucket",
    "textureStill": "cursed",
    "textureFlowing": "cursed",
    "textureRenderOverlay": "",
    "hasFog": true,
    "fogColor": {
      "value": -6750157,
      "falpha": 0.0
    },
    "fogStartDistance": {
      "fixedValue": 0.0
    },
    "fogEndDistance": {
      "fixedValue": 48.0
    },
    "tintType": "No tint",
    "canMultiply": false,
    "flowRate": 9,
    "levelDecrease": 1,
    "slopeFindDistance": 4,
    "spawnParticles": false,
    "dripParticle": {
      "value": "CUSTOM:BernyParticle"
    },
    "flowStrength": 1.0,
    "luminosity": 0,
    "density": 1000,
    "viscosity": 1000,
    "temperature": 300,
    "type": "WATER",
    "generateBucket": true,
    "textureBucket": "cursed",
    "creativeTabs": [
      {
        "value": "CUSTOM:Fluids"
      }
    ],
    "emptySound": {
      "value": ""
    },
    "rarity": "COMMON",
    "specialInformation": {
      "fixedValue": []
    },
    "resistance": 100.0,
    "luminance": 0,
    "lightOpacity": 1,
    "emissiveRendering": false,
    "tickRate": 0,
    "flammability": 0,
    "fireSpreadSpeed": 0,
    "colorOnMap": "DEFAULT"
  }
}