{
  "_fv": 77,
  "_type": "achievement",
  "definition": {
    "achievementName": "Gloton!",
    "achievementDescription": "Come Mucha Nutella",
    "achievementIcon": {
      "value": "CUSTOM:Pizza"
    },
    "background": "Default",
    "disableDisplay": false,
    "showPopup": true,
    "announceToChat": true,
    "hideIfNotCompleted": false,
    "rewardLoot": [],
    "rewardRecipes": [],
    "rewardXP": 30,
    "achievementType": "task",
    "parent": {
      "value": "CUSTOM:UnaTerriblePizza"
    },
    "triggerxml": "<xml xmlns=\"https://developers.google.com/blockly/xml\"><block type=\"advancement_trigger\" deletable=\"false\" x=\"46\" y=\"62\"><next><block type=\"item_consumed\"><value name=\"item\"><block type=\"mcitem_all\"><field name=\"value\">CUSTOM:VainillaNutella</field></block></value><next><block type=\"item_consumed\"><value name=\"item\"><block type=\"mcitem_all\"><field name=\"value\">CUSTOM:StrawberryNutella</field></block></value><next><block type=\"item_consumed\"><value name=\"item\"><block type=\"mcitem_all\"><field name=\"value\">CUSTOM:ChocolateNutella</field></block></value></block></next></block></next></block></next></block></xml>"
  }
}