{
  "_fv": 77,
  "_type": "tool",
  "definition": {
    "toolType": "Hoe",
    "renderType": 0,
    "blockingRenderType": 0,
    "texture": "obsidian_hoe",
    "customModelName": "Normal",
    "blockingModelName": "Normal blocking",
    "name": "Obsidian Hoe",
    "specialInformation": {
      "fixedValue": []
    },
    "creativeTabs": [
      {
        "value": "CUSTOM:Herramientas"
      }
    ],
    "efficiency": 23.8,
    "attackSpeed": 100.0,
    "enchantability": 24,
    "damageVsEntity": 1.0,
    "usageCount": 12500,
    "glowCondition": {
      "fixedValue": false
    },
    "repairItems": [
      {
        "value": "Blocks.OBSIDIAN"
      }
    ],
    "immuneToFire": false,
    "blockDropsTier": "NETHERITE",
    "blocksAffected": [],
    "stayInGridWhenCrafting": false,
    "damageOnCrafting": false
  }
}