{
  "_fv": 77,
  "_type": "armor",
  "definition": {
    "enableHelmet": true,
    "textureHelmet": "pentist_helmet",
    "enableBody": true,
    "textureBody": "pentist_chestplate",
    "enableLeggings": true,
    "textureLeggings": "pentist_leggins",
    "enableBoots": true,
    "textureBoots": "pentist_boots",
    "onHelmetTick": {
      "name": "Vision"
    },
    "onBodyTick": {
      "name": "Regen"
    },
    "onLeggingsTick": {
      "name": "Regen"
    },
    "onBootsTick": {
      "name": "Regen"
    },
    "creativeTabs": [
      {
        "value": "CUSTOM:Armaduras"
      }
    ],
    "armorTextureFile": "pentist",
    "helmetName": "Pentist Helmet",
    "bodyName": "Pentist Chestplate",
    "leggingsName": "Pentist Leggins",
    "bootsName": "Pentist Boots",
    "helmetSpecialInformation": {
      "fixedValue": []
    },
    "bodySpecialInformation": {
      "fixedValue": []
    },
    "leggingsSpecialInformation": {
      "fixedValue": []
    },
    "bootsSpecialInformation": {
      "fixedValue": []
    },
    "helmetModelName": "Default",
    "helmetModelPart": "Helmet",
    "helmetModelTexture": "From armor",
    "bodyModelName": "Default",
    "bodyModelPart": "Body",
    "armsModelPartL": "Arms L",
    "armsModelPartR": "Arms R",
    "bodyModelTexture": "From armor",
    "leggingsModelName": "Default",
    "leggingsModelPartL": "Leggings L",
    "leggingsModelPartR": "Leggings R",
    "leggingsModelTexture": "From armor",
    "bootsModelName": "Default",
    "bootsModelPartL": "Boots L",
    "bootsModelPartR": "Boots R",
    "bootsModelTexture": "From armor",
    "helmetItemRenderType": 0,
    "helmetItemCustomModelName": "Normal",
    "bodyItemRenderType": 0,
    "bodyItemCustomModelName": "Normal",
    "leggingsItemRenderType": 0,
    "leggingsItemCustomModelName": "Normal",
    "bootsItemRenderType": 0,
    "bootsItemCustomModelName": "Normal",
    "helmetImmuneToFire": false,
    "bodyImmuneToFire": false,
    "leggingsImmuneToFire": false,
    "bootsImmuneToFire": false,
    "helmetGlowCondition": {
      "fixedValue": false
    },
    "bodyGlowCondition": {
      "fixedValue": false
    },
    "leggingsGlowCondition": {
      "fixedValue": false
    },
    "bootsGlowCondition": {
      "fixedValue": false
    },
    "helmetPiglinNeutral": {
      "fixedValue": false
    },
    "bodyPiglinNeutral": {
      "fixedValue": false
    },
    "leggingsPiglinNeutral": {
      "fixedValue": false
    },
    "bootsPiglinNeutral": {
      "fixedValue": false
    },
    "maxDamage": 40,
    "damageValueHelmet": 35,
    "damageValueBody": 40,
    "damageValueLeggings": 33,
    "damageValueBoots": 31,
    "enchantability": 27,
    "toughness": 7.0,
    "knockbackResistance": 0.0,
    "equipSound": {
      "value": "item.armor.equip_netherite"
    },
    "repairItems": [
      {
        "value": "CUSTOM:PentistIngot"
      }
    ]
  }
}