{
  "_fv": 77,
  "_type": "tool",
  "definition": {
    "toolType": "Spade",
    "renderType": 0,
    "blockingRenderType": 0,
    "texture": "red_shovel",
    "customModelName": "Normal",
    "blockingModelName": "Normal blocking",
    "name": "RedEmerald Shovel",
    "specialInformation": {
      "fixedValue": []
    },
    "creativeTabs": [
      {
        "value": "CUSTOM:Herramientas"
      }
    ],
    "efficiency": 46.0,
    "attackSpeed": 5.0,
    "enchantability": 45,
    "damageVsEntity": 5.0,
    "usageCount": 14700,
    "glowCondition": {
      "fixedValue": false
    },
    "repairItems": [
      {
        "value": "CUSTOM:RedEmeraldFragment"
      }
    ],
    "immuneToFire": false,
    "blockDropsTier": "NETHERITE",
    "blocksAffected": [],
    "stayInGridWhenCrafting": false,
    "damageOnCrafting": false
  }
}