{
  "_fv": 77,
  "_type": "projectile",
  "definition": {
    "projectileItem": {
      "value": "CUSTOM:SuperTNT"
    },
    "showParticles": true,
    "actionSound": {
      "value": "CUSTOM:explosive"
    },
    "igniteFire": true,
    "power": 79.0,
    "damage": 15.0,
    "knockback": 125,
    "entityModel": "Default",
    "customModelTexture": "meteora.png",
    "modelWidth": 0.5,
    "modelHeight": 0.5,
    "onHitsBlock": {
      "name": "SupersCuandoElProyectilAlcanzaUnBloque"
    },
    "onFlyingTick": {
      "name": "ReproducirSound"
    }
  }
}