{
  "_fv": 77,
  "_type": "achievement",
  "definition": {
    "achievementName": "Una Terrible Pizza!",
    "achievementDescription": "OBTEN UNA PIZZA!",
    "achievementIcon": {
      "value": "CUSTOM:RodajaDePizza"
    },
    "background": "Default",
    "disableDisplay": false,
    "showPopup": true,
    "announceToChat": true,
    "hideIfNotCompleted": true,
    "rewardLoot": [
      "HammerLoot"
    ],
    "rewardRecipes": [
      "PizzaR"
    ],
    "rewardXP": 20,
    "achievementType": "task",
    "parent": {
      "value": "adventure/adventuring_time"
    },
    "triggerxml": "<xml xmlns=\"https://developers.google.com/blockly/xml\"><block type=\"advancement_trigger\" deletable=\"false\" x=\"25\" y=\"28\"><next><block type=\"item_in_inventory\"><value name=\"amount_l\"><block type=\"math_number\"><field name=\"NUM\">4</field></block></value><value name=\"amount_h\"><block type=\"math_number\"><field name=\"NUM\">8</field></block></value><value name=\"item\"><block type=\"mcitem_all\"><field name=\"value\">CUSTOM:RodajaDePizza</field></block></value><next><block type=\"item_in_inventory\"><value name=\"amount_l\"><block type=\"math_number\"><field name=\"NUM\">4</field></block></value><value name=\"amount_h\"><block type=\"math_number\"><field name=\"NUM\">8</field></block></value><value name=\"item\"><block type=\"mcitem_all\"><field name=\"value\">CUSTOM:Pizza</field></block></value></block></next></block></next></block></xml>"
  }
}