{
  "_fv": 77,
  "_type": "recipe",
  "definition": {
    "recipeType": "Brewing",
    "recipeRetstackSize": 1,
    "group": "",
    "cookingBookCategory": "MISC",
    "xpReward": 0.0,
    "cookingTime": 200,
    "craftingBookCategory": "MISC",
    "recipeShapeless": false,
    "brewingInputStack": {
      "value": "POTION:WATER"
    },
    "brewingIngredientStack": {
      "value": "CUSTOM:Banana"
    },
    "brewingReturnStack": {
      "value": "POTION:CUSTOM:Visionss"
    },
    "name": "visions_r",
    "namespace": "mod"
  }
}