{
  "_fv": 77,
  "_type": "projectile",
  "definition": {
    "projectileItem": {
      "value": "CUSTOM:Air"
    },
    "showParticles": false,
    "actionSound": {
      "value": "entity.arrow.shoot"
    },
    "igniteFire": false,
    "power": 1.0,
    "damage": 5.0,
    "knockback": 5,
    "entityModel": "Default",
    "customModelTexture": "",
    "modelWidth": 0.5,
    "modelHeight": 0.5,
    "onHitsBlock": {
      "name": "Summojs"
    },
    "onHitsPlayer": {
      "name": "Summojs"
    },
    "onHitsEntity": {
      "name": "Summojs"
    }
  }
}