{
  "_fv": 77,
  "_type": "structure",
  "definition": {
    "structure": "aqua_dark_tree",
    "projection": "rigid",
    "ignoredBlocks": [
      {
        "value": "Blocks.STRUCTURE_BLOCK"
      },
      {
        "value": "Blocks.AIR"
      }
    ],
    "spacing": 5,
    "separation": 4,
    "restrictionBiomes": [
      {
        "value": "CUSTOM:AquaDarkForest"
      }
    ],
    "terrainAdaptation": "none",
    "generationStep": "SURFACE_STRUCTURES",
    "surfaceDetectionType": "WORLD_SURFACE_WG",
    "useStartHeight": true,
    "startHeightProviderType": "UNIFORM",
    "startHeightMin": 63,
    "startHeightMax": 64,
    "size": 1,
    "maxDistanceFromCenter": 32,
    "jigsawPools": [
      {
        "poolName": "aquadarktree",
        "fallbackPool": "",
        "poolParts": [
          {
            "weight": 90,
            "structure": "aqua_dark_tree",
            "projection": "rigid",
            "ignoredBlocks": [
              {
                "value": "Blocks.AIR"
              },
              {
                "value": "Blocks.STRUCTURE_BLOCK"
              }
            ]
          }
        ]
      }
    ]
  }
}