{
  "_fv": 77,
  "_type": "achievement",
  "definition": {
    "achievementName": "§6Artifect!",
    "achievementDescription": "§6Artifect!",
    "achievementIcon": {
      "value": "CUSTOM:YellowDiamondIngot"
    },
    "background": "Default",
    "disableDisplay": false,
    "showPopup": true,
    "announceToChat": true,
    "hideIfNotCompleted": false,
    "rewardLoot": [],
    "rewardRecipes": [
      "YellowSandR",
      "YellowSandStoneR",
      "YellowDiamondSwordR",
      "GoldMaceR"
    ],
    "rewardXP": 50,
    "achievementType": "challenge",
    "parent": {
      "value": "adventure/totem_of_undying"
    },
    "triggerxml": "<xml xmlns=\"https://developers.google.com/blockly/xml\"><block type=\"advancement_trigger\" deletable=\"false\" x=\"-1\" y=\"86\"><next><block type=\"item_in_inventory\"><value name=\"amount_l\"><block type=\"math_number\"><field name=\"NUM\">1</field></block></value><value name=\"amount_h\"><block type=\"math_number\"><field name=\"NUM\">1</field></block></value><value name=\"item\"><block type=\"mcitem_all\"><field name=\"value\">CUSTOM:YellowDiamondIngot</field></block></value></block></next></block></xml>"
  }
}