{
  "_fv": 77,
  "_type": "tool",
  "definition": {
    "toolType": "Axe",
    "renderType": 0,
    "blockingRenderType": 0,
    "texture": "cherry_axe",
    "customModelName": "Normal",
    "blockingModelName": "Normal blocking",
    "name": "Cherry Axe",
    "specialInformation": {
      "fixedValue": []
    },
    "creativeTabs": [
      {
        "value": "CUSTOM:Herramientas"
      }
    ],
    "efficiency": 9.0,
    "attackSpeed": 1.0,
    "enchantability": 14,
    "damageVsEntity": 9.0,
    "usageCount": 3000,
    "glowCondition": {
      "fixedValue": false
    },
    "repairItems": [
      {
        "value": "Blocks.CHERRY_PLANKS"
      }
    ],
    "immuneToFire": false,
    "blockDropsTier": "IRON",
    "blocksAffected": [],
    "stayInGridWhenCrafting": false,
    "damageOnCrafting": false
  }
}