{
  "_fv": 77,
  "_type": "recipe",
  "definition": {
    "recipeType": "Crafting",
    "recipeRetstackSize": 1,
    "group": "",
    "cookingBookCategory": "MISC",
    "xpReward": 0.0,
    "cookingTime": 200,
    "craftingBookCategory": "EQUIPMENT",
    "recipeShapeless": false,
    "recipeSlots": [
      {
        "value": "Blocks.CHERRY_PLANKS"
      },
      {
        "value": ""
      },
      {
        "value": "Blocks.CHERRY_PLANKS"
      },
      {
        "value": "Blocks.CHERRY_PLANKS"
      },
      {
        "value": "Blocks.CHERRY_PLANKS"
      },
      {
        "value": "Blocks.CHERRY_PLANKS"
      },
      {
        "value": "Blocks.CHERRY_PLANKS"
      },
      {
        "value": "Blocks.CHERRY_PLANKS"
      },
      {
        "value": "Blocks.CHERRY_PLANKS"
      }
    ],
    "recipeReturnStack": {
      "value": "CUSTOM:CherryArmor.body"
    },
    "name": "cherry_armor_chestplate_recipe",
    "namespace": "mod"
  }
}