{
  "_fv": 77,
  "_type": "structure",
  "definition": {
    "structure": "cils",
    "projection": "rigid",
    "ignoredBlocks": [
      {
        "value": "Blocks.STRUCTURE_BLOCK"
      },
      {
        "value": "Blocks.AIR"
      },
      {
        "value": "Blocks.VOID_AIR"
      },
      {
        "value": "Blocks.STRUCTURE_VOID"
      }
    ],
    "spacing": 5,
    "separation": 2,
    "restrictionBiomes": [
      {
        "value": "CUSTOM:ColosalForest"
      },
      {
        "value": "forest"
      },
      {
        "value": "savanna"
      },
      {
        "value": "nether"
      }
    ],
    "terrainAdaptation": "none",
    "generationStep": "SURFACE_STRUCTURES",
    "surfaceDetectionType": "WORLD_SURFACE",
    "useStartHeight": false,
    "startHeightProviderType": "UNIFORM",
    "startHeightMin": 0,
    "startHeightMax": 128,
    "size": 1,
    "maxDistanceFromCenter": 64,
    "jigsawPools": []
  }
}