{
  "_fv": 77,
  "_type": "dimension",
  "definition": {
    "biomesInDimension": [
      {
        "value": "CUSTOM:ColosalForest"
      },
      {
        "value": "CUSTOM:AquaDarkForest"
      },
      {
        "value": "CUSTOM:AquaForest"
      },
      {
        "value": "CUSTOM:Magne"
      },
      {
        "value": "CUSTOM:BernyForest"
      }
    ],
    "worldGenType": "Normal world gen",
    "mainFillerBlock": {
      "value": "CUSTOM:ColosalGrass"
    },
    "fluidBlock": {
      "value": "Blocks.FLOWING_WATER"
    },
    "seaLevel": 0,
    "generateOreVeins": true,
    "generateAquifers": true,
    "horizontalNoiseSize": 1,
    "verticalNoiseSize": 2,
    "defaultEffects": "overworld",
    "useCustomEffects": true,
    "hasClouds": true,
    "cloudHeight": 192.0,
    "skyType": "NONE",
    "sunHeightAffectsFog": false,
    "canRespawnHere": true,
    "hasFog": false,
    "ambientLight": 0.0,
    "doesWaterVaporize": false,
    "hasFixedTime": false,
    "fixedTimeValue": 0,
    "coordinateScale": 1.0,
    "infiniburnTag": "minecraft:infiniburn_overworld",
    "bedWorks": true,
    "hasSkyLight": true,
    "imitateOverworldBehaviour": true,
    "piglinSafe": false,
    "hasRaids": true,
    "minMonsterSpawnLightLimit": 0,
    "maxMonsterSpawnLightLimit": 7,
    "monsterSpawnBlockLightLimit": 0,
    "portalFrame": {
      "value": "Blocks.CRYING_OBSIDIAN"
    },
    "portalParticles": {
      "value": "PORTAL"
    },
    "portalLuminance": 0,
    "portalSound": {
      "value": "block.portal.ambient"
    },
    "enableIgniter": true,
    "igniterName": "Portal Igniter",
    "igniterRarity": "UNCOMMON",
    "specialInformation": {
      "fixedValue": []
    },
    "creativeTabs": [
      {
        "value": "CUSTOM:Herramientas"
      }
    ],
    "texture": "trustanicigniter",
    "portalTexture": "colosal_grass_block_top",
    "enablePortal": true
  }
}