{
  "_fv": 77,
  "_type": "armor",
  "definition": {
    "enableHelmet": true,
    "textureHelmet": "creeper",
    "enableBody": true,
    "textureBody": "creeper_chestplate",
    "enableLeggings": true,
    "textureLeggings": "creeper_leggins",
    "enableBoots": true,
    "textureBoots": "creeper_boots",
    "creativeTabs": [
      {
        "value": "CUSTOM:Armaduras"
      }
    ],
    "armorTextureFile": "creeper",
    "helmetName": "Creeper Helmet",
    "bodyName": "Creeper Chestplate",
    "leggingsName": "Creeper Leggins",
    "bootsName": "Creeper Boots",
    "helmetSpecialInformation": {
      "fixedValue": []
    },
    "bodySpecialInformation": {
      "fixedValue": []
    },
    "leggingsSpecialInformation": {
      "fixedValue": []
    },
    "bootsSpecialInformation": {
      "fixedValue": []
    },
    "helmetModelName": "Default",
    "helmetModelPart": "Helmet",
    "helmetModelTexture": "From armor",
    "bodyModelName": "Default",
    "bodyModelPart": "Body",
    "armsModelPartL": "Arms L",
    "armsModelPartR": "Arms R",
    "bodyModelTexture": "From armor",
    "leggingsModelName": "Default",
    "leggingsModelPartL": "Leggings L",
    "leggingsModelPartR": "Leggings R",
    "leggingsModelTexture": "From armor",
    "bootsModelName": "Default",
    "bootsModelPartL": "Boots L",
    "bootsModelPartR": "Boots R",
    "bootsModelTexture": "From armor",
    "helmetItemRenderType": 0,
    "helmetItemCustomModelName": "Normal",
    "bodyItemRenderType": 0,
    "bodyItemCustomModelName": "Normal",
    "leggingsItemRenderType": 0,
    "leggingsItemCustomModelName": "Normal",
    "bootsItemRenderType": 0,
    "bootsItemCustomModelName": "Normal",
    "helmetImmuneToFire": false,
    "bodyImmuneToFire": false,
    "leggingsImmuneToFire": false,
    "bootsImmuneToFire": false,
    "helmetGlowCondition": {
      "fixedValue": false
    },
    "bodyGlowCondition": {
      "fixedValue": false
    },
    "leggingsGlowCondition": {
      "fixedValue": false
    },
    "bootsGlowCondition": {
      "fixedValue": false
    },
    "helmetPiglinNeutral": {
      "fixedValue": false
    },
    "bodyPiglinNeutral": {
      "fixedValue": false
    },
    "leggingsPiglinNeutral": {
      "fixedValue": false
    },
    "bootsPiglinNeutral": {
      "fixedValue": false
    },
    "maxDamage": 50,
    "damageValueHelmet": 49,
    "damageValueBody": 51,
    "damageValueLeggings": 44,
    "damageValueBoots": 43,
    "enchantability": 49,
    "toughness": 9.0,
    "knockbackResistance": 3.0,
    "equipSound": {
      "value": ""
    },
    "repairItems": [
      {
        "value": "Items.GUNPOWDER"
      }
    ]
  }
}