{
  "_fv": 77,
  "_type": "recipe",
  "definition": {
    "recipeType": "Crafting",
    "recipeRetstackSize": 4,
    "group": "",
    "cookingBookCategory": "MISC",
    "xpReward": 0.0,
    "cookingTime": 200,
    "craftingBookCategory": "MISC",
    "recipeShapeless": false,
    "recipeSlots": [
      {
        "value": "Items.DIAMOND"
      },
      {
        "value": "Items.DIAMOND"
      },
      {
        "value": "Items.DIAMOND"
      },
      {
        "value": "Items.DIAMOND"
      },
      {
        "value": "Items.APPLE"
      },
      {
        "value": "Items.DIAMOND"
      },
      {
        "value": "Items.DIAMOND"
      },
      {
        "value": "Items.DIAMOND"
      },
      {
        "value": "Items.DIAMOND"
      }
    ],
    "recipeReturnStack": {
      "value": "CUSTOM:DiamondApple"
    },
    "name": "diamond_apple_r",
    "namespace": "mod"
  }
}