{
  "_fv": 77,
  "_type": "tool",
  "definition": {
    "toolType": "MultiTool",
    "renderType": 1,
    "blockingRenderType": 0,
    "texture": "diamond_hammerv2",
    "customModelName": "diamond_hammer:default",
    "blockingModelName": "Normal blocking",
    "name": "Diamond Hammer 3d",
    "specialInformation": {
      "fixedValue": []
    },
    "creativeTabs": [
      {
        "value": "CUSTOM:Hammer"
      }
    ],
    "efficiency": 45.0,
    "attackSpeed": 16.0,
    "enchantability": 48,
    "damageVsEntity": 30.0,
    "usageCount": 4500,
    "glowCondition": {
      "fixedValue": false
    },
    "repairItems": [
      {
        "value": "Items.DIAMOND"
      }
    ],
    "immuneToFire": true,
    "blockDropsTier": "NETHERITE",
    "blocksAffected": [],
    "stayInGridWhenCrafting": false,
    "damageOnCrafting": false
  }
}