{
  "_fv": 77,
  "_type": "livingentity",
  "definition": {
    "mobName": "Duck",
    "mobLabel": "",
    "mobModelName": "Chicken",
    "mobModelTexture": "duck.png",
    "transparentModelCondition": {
      "fixedValue": false
    },
    "isShakingCondition": {
      "fixedValue": false
    },
    "solidBoundingBox": {
      "fixedValue": false
    },
    "visualScale": {
      "fixedValue": 1.0
    },
    "boundingBoxScale": {
      "fixedValue": 1.0
    },
    "modelLayers": [],
    "animations": [],
    "modelWidth": 0.6,
    "modelHeight": 0.9,
    "modelShadowSize": 0.7,
    "mountedYOffset": 0.0,
    "hasSpawnEgg": true,
    "spawnEggBaseColor": {
      "value": -256,
      "falpha": 0.0
    },
    "spawnEggDotColor": {
      "value": -3355648,
      "falpha": 0.0
    },
    "creativeTabs": [
      {
        "value": "CUSTOM:Entities"
      }
    ],
    "isBoss": false,
    "bossBarColor": "PINK",
    "bossBarType": "PROGRESS",
    "equipmentMainHand": {
      "value": ""
    },
    "equipmentOffHand": {
      "value": ""
    },
    "equipmentHelmet": {
      "value": ""
    },
    "equipmentBody": {
      "value": ""
    },
    "equipmentLeggings": {
      "value": ""
    },
    "equipmentBoots": {
      "value": ""
    },
    "mobBehaviourType": "Mob",
    "mobCreatureType": "UNDEFINED",
    "attackStrength": 3,
    "attackKnockback": 0.0,
    "knockbackResistance": 0.0,
    "movementSpeed": 0.3,
    "stepHeight": 0.6,
    "armorBaseValue": 0.0,
    "trackingRange": 64,
    "followRange": 16,
    "health": 6,
    "xpAmount": 0,
    "waterMob": false,
    "breatheUnderwater": {
      "fixedValue": false
    },
    "pushedByFluids": {
      "fixedValue": true
    },
    "flyingMob": false,
    "inventorySize": 9,
    "inventoryStackSize": 64,
    "disableCollisions": false,
    "ridable": false,
    "canControlForward": false,
    "canControlStrafe": false,
    "immuneToFire": false,
    "immuneToArrows": false,
    "immuneToFallDamage": false,
    "immuneToCactus": false,
    "immuneToDrowning": false,
    "immuneToLightning": false,
    "immuneToPotions": false,
    "immuneToPlayer": false,
    "immuneToExplosion": false,
    "immuneToTrident": false,
    "immuneToAnvil": false,
    "immuneToWither": false,
    "immuneToDragonBreath": false,
    "mobDrop": {
      "value": ""
    },
    "livingSound": {
      "value": ""
    },
    "hurtSound": {
      "value": ""
    },
    "deathSound": {
      "value": ""
    },
    "stepSound": {
      "value": ""
    },
    "raidCelebrationSound": {
      "value": ""
    },
    "entityDataEntries": [],
    "hasAI": true,
    "aiBase": "(none)",
    "aixml": "<xml xmlns=\"https://developers.google.com/blockly/xml\"><block type=\"aitasks_container\" deletable=\"false\" x=\"-78\" y=\"2\"><next><block type=\"leap_at_target\"><field name=\"speed\">0.5</field><field name=\"condition\">null,null</field><next><block type=\"eat_grass\"><field name=\"condition\">null,null</field><next><block type=\"look_around\"><field name=\"condition\">null,null</field><next><block type=\"breed\"><field name=\"speed\">1</field><field name=\"condition\">null,null</field><next><block type=\"follow_parent\"><field name=\"speed\">0.8</field><field name=\"condition\">null,null</field><next><block type=\"wander\"><field name=\"speed\">0.8</field><field name=\"condition\">null,null</field><next><block type=\"swim\"><field name=\"speed\">1</field><field name=\"condition\">null,null</field><next><block type=\"follow_entity\"><field name=\"speed\">1</field><field name=\"maxrange\">10</field><field name=\"followarea\">5</field><field name=\"condition\">null,null</field><next><block type=\"follow_item_in_hands\"><field name=\"speed\">1</field><field name=\"scared\">FALSE</field><field name=\"condition\">null,null</field><value name=\"item\"><block type=\"mcitem_all\"><field name=\"value\">Items.WHEAT_SEEDS</field></block></value><next><block type=\"try_and_find_water\"><field name=\"condition\">null,null</field><next><block type=\"follow_owner\"><field name=\"speed\">1</field><field name=\"min_distance\">10</field><field name=\"max_distance\">2</field><field name=\"condition\">null,null</field></block></next></block></next></block></next></block></next></block></next></block></next></block></next></block></next></block></next></block></next></block></next></block></xml>",
    "breedable": true,
    "tameable": true,
    "breedTriggerItems": [
      {
        "value": "Items.WHEAT_SEEDS"
      },
      {
        "value": "Items.PUMPKIN_SEEDS"
      },
      {
        "value": "Items.TORCHFLOWER_SEEDS"
      },
      {
        "value": "Items.MELON_SEEDS"
      },
      {
        "value": "Items.BEETROOT_SEEDS"
      }
    ],
    "ranged": false,
    "rangedAttackItem": {
      "value": ""
    },
    "rangedItemType": "Default item",
    "rangedAttackInterval": 20,
    "rangedAttackRadius": 10.0,
    "spawnThisMob": true,
    "doesDespawnWhenIdle": true,
    "spawningProbability": 20,
    "mobSpawningType": "creature",
    "minNumberOfMobsPerGroup": 2,
    "maxNumberOfMobsPerGroup": 3,
    "restrictionBiomes": [
      {
        "value": "CUSTOM:BernyForest"
      },
      {
        "value": "CUSTOM:Magne"
      },
      {
        "value": "CUSTOM:AquaForest"
      },
      {
        "value": "CUSTOM:AquaDarkForest"
      },
      {
        "value": "CUSTOM:ColosalForest"
      },
      {
        "value": "forest"
      }
    ],
    "spawnInDungeons": false,
    "raidSpawnsCount": [
      4,
      3,
      3,
      4,
      4,
      4,
      2
    ]
  }
}