{
  "_fv": 77,
  "_type": "gui",
  "definition": {
    "type": 1,
    "width": 176,
    "height": 166,
    "inventoryOffsetX": 0,
    "inventoryOffsetY": 0,
    "renderBgLayer": true,
    "doesPauseGame": false,
    "components": [
      {
        "type": "inputslot",
        "data": {
          "inputLimit": {
            "value": ""
          },
          "disablePlacement": {
            "fixedValue": false
          },
          "id": 0,
          "disablePickup": {
            "fixedValue": false
          },
          "dropItemsWhenNotBound": false,
          "x": 150,
          "y": 53,
          "locked": false
        }
      },
      {
        "type": "inputslot",
        "data": {
          "inputLimit": {
            "value": ""
          },
          "disablePlacement": {
            "fixedValue": false
          },
          "id": 1,
          "disablePickup": {
            "fixedValue": false
          },
          "dropItemsWhenNotBound": false,
          "x": 150,
          "y": 89,
          "locked": false
        }
      },
      {
        "type": "outputslot",
        "data": {
          "id": 2,
          "disablePickup": {
            "fixedValue": false
          },
          "dropItemsWhenNotBound": true,
          "x": 222,
          "y": 71,
          "locked": false
        }
      },
      {
        "type": "label",
        "data": {
          "name": "label_furnacing",
          "text": {
            "fixedValue": "Furnacing"
          },
          "color": {
            "value": -12829636,
            "falpha": 0.0
          },
          "x": 177,
          "y": 44,
          "locked": false
        }
      },
      {
        "type": "image",
        "data": {
          "image": "flecha1.png",
          "use1Xscale": false,
          "displayCondition": {
            "name": "Arrow1"
          },
          "x": 186,
          "y": 71,
          "locked": false
        }
      },
      {
        "type": "image",
        "data": {
          "image": "flecha2.png",
          "use1Xscale": false,
          "displayCondition": {
            "name": "Arrow2"
          },
          "x": 186,
          "y": 71,
          "locked": false
        }
      },
      {
        "type": "image",
        "data": {
          "image": "flecha3.png",
          "use1Xscale": false,
          "displayCondition": {
            "name": "Arrow3"
          },
          "x": 186,
          "y": 71,
          "locked": false
        }
      },
      {
        "type": "image",
        "data": {
          "image": "flecha4.png",
          "use1Xscale": false,
          "displayCondition": {
            "name": "Arrow4"
          },
          "x": 186,
          "y": 71,
          "locked": false
        }
      }
    ],
    "gridSettings": {
      "sx": 18,
      "sy": 18,
      "ox": 11,
      "oy": 15,
      "snapOnGrid": false
    }
  }
}