{
  "_fv": 77,
  "_type": "tool",
  "definition": {
    "toolType": "MultiTool",
    "renderType": 1,
    "blockingRenderType": 0,
    "texture": "gold_mace_base",
    "customModelName": "gold_mace:default",
    "blockingModelName": "Normal blocking",
    "name": "Gold Mace",
    "specialInformation": {
      "fixedValue": []
    },
    "creativeTabs": [
      {
        "value": "CUSTOM:Proximamente"
      }
    ],
    "efficiency": 0.0,
    "attackSpeed": 0.0,
    "enchantability": 2,
    "damageVsEntity": 0.0,
    "usageCount": 0,
    "glowCondition": {
      "fixedValue": false
    },
    "repairItems": [
      {
        "value": "CUSTOM:YellowDiamondIngot"
      }
    ],
    "immuneToFire": true,
    "blockDropsTier": "NETHERITE",
    "blocksAffected": [],
    "stayInGridWhenCrafting": false,
    "damageOnCrafting": false
  }
}