{
  "_fv": 77,
  "_type": "tool",
  "definition": {
    "toolType": "Hoe",
    "renderType": 0,
    "blockingRenderType": 0,
    "texture": "green_diamond_hoe",
    "customModelName": "Normal",
    "blockingModelName": "Normal blocking",
    "name": "Green Diamond Hoe",
    "specialInformation": {
      "fixedValue": []
    },
    "creativeTabs": [
      {
        "value": "CUSTOM:Diamonds"
      }
    ],
    "efficiency": 70.0,
    "attackSpeed": 9.0,
    "enchantability": 67,
    "damageVsEntity": 5.0,
    "usageCount": 27900,
    "glowCondition": {
      "fixedValue": false
    },
    "repairItems": [
      {
        "value": "CUSTOM:GreenDiamondIngot"
      }
    ],
    "immuneToFire": true,
    "blockDropsTier": "DIAMOND",
    "blocksAffected": [],
    "stayInGridWhenCrafting": false,
    "damageOnCrafting": false
  }
}