{
  "_fv": 77,
  "_type": "recipe",
  "definition": {
    "recipeType": "Smelting",
    "recipeRetstackSize": 1,
    "group": "",
    "cookingBookCategory": "MISC",
    "xpReward": 1.0,
    "cookingTime": 200,
    "craftingBookCategory": "MISC",
    "recipeShapeless": false,
    "smeltingInputStack": {
      "value": "CUSTOM:GreenDiamondOre"
    },
    "smeltingReturnStack": {
      "value": "CUSTOM:GreenDiamondIngot"
    },
    "name": "green_diamond_ingot_smelting",
    "namespace": "mod"
  }
}