{
  "_fv": 77,
  "_type": "armor",
  "definition": {
    "enableHelmet": true,
    "textureHelmet": "green_diamond_helmet",
    "enableBody": true,
    "textureBody": "green_diamond_chestplate",
    "enableLeggings": true,
    "textureLeggings": "green_diamond_leggings",
    "enableBoots": true,
    "textureBoots": "green_diamond_boots",
    "creativeTabs": [
      {
        "value": "CUSTOM:Diamonds"
      }
    ],
    "armorTextureFile": "green_diamond",
    "helmetName": "Green Diamond Helmet",
    "bodyName": "Green Diamond Chestplate",
    "leggingsName": "Green Diamond Leggins",
    "bootsName": "Green Diamond Boots",
    "helmetSpecialInformation": {
      "fixedValue": []
    },
    "bodySpecialInformation": {
      "fixedValue": []
    },
    "leggingsSpecialInformation": {
      "fixedValue": []
    },
    "bootsSpecialInformation": {
      "fixedValue": []
    },
    "helmetModelName": "Default",
    "helmetModelPart": "Helmet",
    "helmetModelTexture": "From armor",
    "bodyModelName": "Default",
    "bodyModelPart": "Body",
    "armsModelPartL": "Arms L",
    "armsModelPartR": "Arms R",
    "bodyModelTexture": "From armor",
    "leggingsModelName": "Default",
    "leggingsModelPartL": "Leggings L",
    "leggingsModelPartR": "Leggings R",
    "leggingsModelTexture": "From armor",
    "bootsModelName": "Default",
    "bootsModelPartL": "Boots L",
    "bootsModelPartR": "Boots R",
    "bootsModelTexture": "From armor",
    "helmetItemRenderType": 0,
    "helmetItemCustomModelName": "Normal",
    "bodyItemRenderType": 0,
    "bodyItemCustomModelName": "Normal",
    "leggingsItemRenderType": 0,
    "leggingsItemCustomModelName": "Normal",
    "bootsItemRenderType": 0,
    "bootsItemCustomModelName": "Normal",
    "helmetImmuneToFire": false,
    "bodyImmuneToFire": false,
    "leggingsImmuneToFire": false,
    "bootsImmuneToFire": false,
    "helmetGlowCondition": {
      "fixedValue": false
    },
    "bodyGlowCondition": {
      "fixedValue": false
    },
    "leggingsGlowCondition": {
      "fixedValue": false
    },
    "bootsGlowCondition": {
      "fixedValue": false
    },
    "helmetPiglinNeutral": {
      "fixedValue": false
    },
    "bodyPiglinNeutral": {
      "fixedValue": false
    },
    "leggingsPiglinNeutral": {
      "fixedValue": false
    },
    "bootsPiglinNeutral": {
      "fixedValue": false
    },
    "maxDamage": 49,
    "damageValueHelmet": 60,
    "damageValueBody": 65,
    "damageValueLeggings": 57,
    "damageValueBoots": 59,
    "enchantability": 75,
    "toughness": 5.0,
    "knockbackResistance": 5.0,
    "equipSound": {
      "value": "item.armor.equip_diamond"
    },
    "repairItems": [
      {
        "value": "CUSTOM:GreenDiamondIngot"
      }
    ]
  }
}