{
  "_fv": 77,
  "_type": "tool",
  "definition": {
    "toolType": "Sword",
    "renderType": 0,
    "blockingRenderType": 0,
    "texture": "green_diamond_sword",
    "customModelName": "Normal",
    "blockingModelName": "Normal blocking",
    "name": "Green Diamond Sword",
    "specialInformation": {
      "fixedValue": []
    },
    "creativeTabs": [
      {
        "value": "CUSTOM:Diamonds"
      }
    ],
    "efficiency": 69.0,
    "attackSpeed": 3.0,
    "enchantability": 70,
    "damageVsEntity": 47.0,
    "usageCount": 27900,
    "glowCondition": {
      "fixedValue": false
    },
    "repairItems": [
      {
        "value": "CUSTOM:GreenDiamondIngot"
      }
    ],
    "immuneToFire": true,
    "blockDropsTier": "DIAMOND",
    "blocksAffected": [],
    "stayInGridWhenCrafting": false,
    "damageOnCrafting": false
  }
}