{
  "_fv": 77,
  "_type": "tool",
  "definition": {
    "toolType": "MultiTool",
    "renderType": 0,
    "blockingRenderType": 0,
    "texture": "white_hammer",
    "customModelName": "Normal",
    "blockingModelName": "Normal blocking",
    "name": "Iron Hammer",
    "specialInformation": {
      "fixedValue": []
    },
    "creativeTabs": [
      {
        "value": "CUSTOM:Hammer"
      }
    ],
    "efficiency": 11.0,
    "attackSpeed": 2.0,
    "enchantability": 12,
    "damageVsEntity": 19.0,
    "usageCount": 4095,
    "glowCondition": {
      "fixedValue": false
    },
    "repairItems": [
      {
        "value": "Items.IRON_INGOT"
      }
    ],
    "immuneToFire": false,
    "blockDropsTier": "IRON",
    "blocksAffected": [],
    "stayInGridWhenCrafting": false,
    "damageOnCrafting": false
  }
}