{
  "_fv": 77,
  "_type": "achievement",
  "definition": {
    "achievementName": "Killed The Warden",
    "achievementDescription": "Killed The Warden",
    "achievementIcon": {
      "value": "Blocks.SCULK_CATALYST"
    },
    "background": "Default",
    "disableDisplay": false,
    "showPopup": true,
    "announceToChat": true,
    "hideIfNotCompleted": false,
    "rewardLoot": [],
    "rewardRecipes": [],
    "rewardXP": 0,
    "achievementType": "task",
    "parent": {
      "value": "CUSTOM:UnaTerriblePizza"
    },
    "triggerxml": "<xml xmlns=\"https://developers.google.com/blockly/xml\"><block type=\"advancement_trigger\" deletable=\"false\" x=\"199\" y=\"24\"><next><block type=\"item_in_inventory\"><value name=\"amount_l\"><block type=\"math_number\"><field name=\"NUM\">1</field></block></value><value name=\"amount_h\"><block type=\"math_number\"><field name=\"NUM\">2</field></block></value><value name=\"item\"><block type=\"mcitem_all\"><field name=\"value\">Blocks.SCULK_CATALYST</field></block></value></block></next></block></xml>"
  }
}