{
  "_fv": 77,
  "_type": "villagertrade",
  "definition": {
    "tradeEntries": [
      {
        "villagerProfession": {
          "value": "CUSTOM:Matista2"
        },
        "entries": [
          {
            "price1": {
              "value": "Items.EMERALD"
            },
            "countPrice1": 1,
            "price2": {
              "value": ""
            },
            "countPrice2": 1,
            "offer": {
              "value": "CUSTOM:Redstone.helmet"
            },
            "countOffer": 1,
            "level": 1,
            "maxTrades": 7,
            "xp": 5,
            "priceMultiplier": 0.05
          }
        ]
      },
      {
        "villagerProfession": {
          "value": "CUSTOM:Matista2"
        },
        "entries": [
          {
            "price1": {
              "value": "Items.EMERALD"
            },
            "countPrice1": 3,
            "price2": {
              "value": ""
            },
            "countPrice2": 1,
            "offer": {
              "value": "CUSTOM:OneHundredDollars"
            },
            "countOffer": 6,
            "level": 2,
            "maxTrades": 5,
            "xp": 5,
            "priceMultiplier": 0.05
          }
        ]
      },
      {
        "villagerProfession": {
          "value": "CUSTOM:Matista2"
        },
        "entries": [
          {
            "price1": {
              "value": "Items.EMERALD"
            },
            "countPrice1": 12,
            "price2": {
              "value": ""
            },
            "countPrice2": 1,
            "offer": {
              "value": "CUSTOM:NetheriteHammer"
            },
            "countOffer": 1,
            "level": 3,
            "maxTrades": 3,
            "xp": 5,
            "priceMultiplier": 0.09
          }
        ]
      },
      {
        "villagerProfession": {
          "value": "CUSTOM:Matista2"
        },
        "entries": [
          {
            "price1": {
              "value": "Items.EMERALD"
            },
            "countPrice1": 2,
            "price2": {
              "value": ""
            },
            "countPrice2": 1,
            "offer": {
              "value": "CUSTOM:Redstone.body"
            },
            "countOffer": 1,
            "level": 1,
            "maxTrades": 2,
            "xp": 5,
            "priceMultiplier": 0.05
          }
        ]
      },
      {
        "villagerProfession": {
          "value": "CUSTOM:Matista2"
        },
        "entries": [
          {
            "price1": {
              "value": "Items.EMERALD"
            },
            "countPrice1": 3,
            "price2": {
              "value": ""
            },
            "countPrice2": 1,
            "offer": {
              "value": "CUSTOM:Redstone.legs"
            },
            "countOffer": 1,
            "level": 1,
            "maxTrades": 6,
            "xp": 5,
            "priceMultiplier": 0.05
          }
        ]
      },
      {
        "villagerProfession": {
          "value": "CUSTOM:Matista2"
        },
        "entries": [
          {
            "price1": {
              "value": "Items.EMERALD"
            },
            "countPrice1": 2,
            "price2": {
              "value": ""
            },
            "countPrice2": 2,
            "offer": {
              "value": "CUSTOM:Redstone.boots"
            },
            "countOffer": 1,
            "level": 1,
            "maxTrades": 4,
            "xp": 5,
            "priceMultiplier": 0.05
          }
        ]
      },
      {
        "villagerProfession": {
          "value": "CUSTOM:Matista2"
        },
        "entries": [
          {
            "price1": {
              "value": "Items.EMERALD"
            },
            "countPrice1": 14,
            "price2": {
              "value": ""
            },
            "countPrice2": 4,
            "offer": {
              "value": "CUSTOM:Pentist.helmet"
            },
            "countOffer": 1,
            "level": 4,
            "maxTrades": 5,
            "xp": 5,
            "priceMultiplier": 0.05
          }
        ]
      },
      {
        "villagerProfession": {
          "value": "CUSTOM:Matista2"
        },
        "entries": [
          {
            "price1": {
              "value": "Items.EMERALD"
            },
            "countPrice1": 18,
            "price2": {
              "value": ""
            },
            "countPrice2": 1,
            "offer": {
              "value": "CUSTOM:Pentist.helmet"
            },
            "countOffer": 1,
            "level": 4,
            "maxTrades": 6,
            "xp": 5,
            "priceMultiplier": 0.09
          }
        ]
      },
      {
        "villagerProfession": {
          "value": "CUSTOM:Matista2"
        },
        "entries": [
          {
            "price1": {
              "value": "Items.EMERALD"
            },
            "countPrice1": 23,
            "price2": {
              "value": ""
            },
            "countPrice2": 1,
            "offer": {
              "value": "CUSTOM:Pentist.body"
            },
            "countOffer": 1,
            "level": 4,
            "maxTrades": 10,
            "xp": 5,
            "priceMultiplier": 0.05
          }
        ]
      },
      {
        "villagerProfession": {
          "value": "CUSTOM:Matista2"
        },
        "entries": [
          {
            "price1": {
              "value": "Items.EMERALD"
            },
            "countPrice1": 16,
            "price2": {
              "value": ""
            },
            "countPrice2": 1,
            "offer": {
              "value": "CUSTOM:Pentist.legs"
            },
            "countOffer": 1,
            "level": 4,
            "maxTrades": 5,
            "xp": 5,
            "priceMultiplier": 0.05
          }
        ]
      },
      {
        "villagerProfession": {
          "value": "CUSTOM:Matista2"
        },
        "entries": [
          {
            "price1": {
              "value": "Items.EMERALD"
            },
            "countPrice1": 14,
            "price2": {
              "value": ""
            },
            "countPrice2": 1,
            "offer": {
              "value": "CUSTOM:Pentist.boots"
            },
            "countOffer": 1,
            "level": 4,
            "maxTrades": 6,
            "xp": 5,
            "priceMultiplier": 0.05
          }
        ]
      }
    ]
  }
}