{
  "_fv": 77,
  "_type": "tool",
  "definition": {
    "toolType": "MultiTool",
    "renderType": 0,
    "blockingRenderType": 0,
    "texture": "netherite_hammer",
    "customModelName": "Normal",
    "blockingModelName": "Normal blocking",
    "name": "Netherite Hammer",
    "specialInformation": {
      "fixedValue": []
    },
    "creativeTabs": [
      {
        "value": "CUSTOM:Hammer"
      }
    ],
    "efficiency": 19.0,
    "attackSpeed": 4.0,
    "enchantability": 19,
    "damageVsEntity": 19.7,
    "usageCount": 10200,
    "glowCondition": {
      "fixedValue": false
    },
    "repairItems": [
      {
        "value": "Items.NETHERITE_INGOT"
      }
    ],
    "immuneToFire": false,
    "blockDropsTier": "NETHERITE",
    "blocksAffected": [],
    "stayInGridWhenCrafting": false,
    "damageOnCrafting": false
  }
}