{
	"credit": "Made with Blockbench",
	"texture_size": [64, 64],
	"textures": {
		"0": "block/bull",
		"particle": "block/bull"
	},
	"elements": [
		{
			"from": [4, 7, -15],
			"to": [13, 15, -8],
			"rotation": {"angle": 0, "axis": "y", "origin": [8, 10, -9]},
			"faces": {
				"north": {"uv": [1.75, 7.25, 4, 9.25], "texture": "#0"},
				"east": {"uv": [0, 7.25, 1.75, 9.25], "texture": "#0"},
				"south": {"uv": [5.75, 7.25, 8, 9.25], "texture": "#0"},
				"west": {"uv": [4, 7.25, 5.75, 9.25], "texture": "#0"},
				"up": {"uv": [4, 7.25, 1.75, 5.5], "texture": "#0"},
				"down": {"uv": [6.25, 5.5, 4, 7.25], "texture": "#0"}
			}
		},
		{
			"from": [-3, 14, -13],
			"to": [5, 15, -10],
			"rotation": {"angle": 45, "axis": "z", "origin": [5, 14, -12]},
			"faces": {
				"north": {"uv": [0.75, 10, 2.75, 10.25], "texture": "#0"},
				"east": {"uv": [0, 10, 0.75, 10.25], "texture": "#0"},
				"south": {"uv": [3.5, 10, 5.5, 10.25], "texture": "#0"},
				"west": {"uv": [2.75, 10, 3.5, 10.25], "texture": "#0"},
				"up": {"uv": [2.75, 10, 0.75, 9.25], "texture": "#0"},
				"down": {"uv": [4.75, 9.25, 2.75, 10], "texture": "#0"}
			}
		},
		{
			"from": [12, 13, -13],
			"to": [20, 14, -10],
			"rotation": {"angle": -45, "axis": "z", "origin": [13, 13, -9]},
			"faces": {
				"north": {"uv": [0.75, 11, 2.75, 11.25], "texture": "#0"},
				"east": {"uv": [0, 11, 0.75, 11.25], "texture": "#0"},
				"south": {"uv": [3.5, 11, 5.5, 11.25], "texture": "#0"},
				"west": {"uv": [2.75, 11, 3.5, 11.25], "texture": "#0"},
				"up": {"uv": [2.75, 11, 0.75, 10.25], "texture": "#0"},
				"down": {"uv": [4.75, 10.25, 2.75, 11], "texture": "#0"}
			}
		},
		{
			"from": [3, 16, -12],
			"to": [4, 21, -11],
			"rotation": {"angle": 0, "axis": "z", "origin": [4, 17, -12]},
			"faces": {
				"north": {"uv": [5.25, 12.25, 5.5, 13.5], "texture": "#0"},
				"east": {"uv": [5, 12.25, 5.25, 13.5], "texture": "#0"},
				"south": {"uv": [5.75, 12.25, 6, 13.5], "texture": "#0"},
				"west": {"uv": [5.5, 12.25, 5.75, 13.5], "texture": "#0"},
				"up": {"uv": [5.5, 12.25, 5.25, 12], "texture": "#0"},
				"down": {"uv": [5.75, 12, 5.5, 12.25], "texture": "#0"}
			}
		},
		{
			"from": [5, 15, -12],
			"to": [6, 18, -11],
			"rotation": {"angle": 45, "axis": "z", "origin": [6, 15, -12]},
			"faces": {
				"north": {"uv": [12.75, 9.75, 13, 10.5], "texture": "#0"},
				"east": {"uv": [12.5, 9.75, 12.75, 10.5], "texture": "#0"},
				"south": {"uv": [13.25, 9.75, 13.5, 10.5], "texture": "#0"},
				"west": {"uv": [13, 9.75, 13.25, 10.5], "texture": "#0"},
				"up": {"uv": [13, 9.75, 12.75, 9.5], "texture": "#0"},
				"down": {"uv": [13.25, 9.5, 13, 9.75], "texture": "#0"}
			}
		},
		{
			"from": [3.0019, 19.91276, -12],
			"to": [4.0019, 23.91276, -11],
			"rotation": {"angle": -45, "axis": "z", "origin": [4, 20, -12]},
			"faces": {
				"north": {"uv": [4.25, 12.5, 4.5, 13.5], "texture": "#0"},
				"east": {"uv": [4, 12.5, 4.25, 13.5], "texture": "#0"},
				"south": {"uv": [4.75, 12.5, 5, 13.5], "texture": "#0"},
				"west": {"uv": [4.5, 12.5, 4.75, 13.5], "texture": "#0"},
				"up": {"uv": [4.5, 12.5, 4.25, 12.25], "texture": "#0"},
				"down": {"uv": [4.75, 12.25, 4.5, 12.5], "texture": "#0"}
			}
		},
		{
			"from": [7.30609, 20.61931, -12],
			"to": [10.30609, 21.61931, -11],
			"rotation": {"angle": -45, "axis": "z", "origin": [11, 21, -12]},
			"faces": {
				"north": {"uv": [2.25, 12.5, 3, 12.75], "texture": "#0"},
				"east": {"uv": [2, 12.5, 2.25, 12.75], "texture": "#0"},
				"south": {"uv": [3.25, 12.5, 4, 12.75], "texture": "#0"},
				"west": {"uv": [3, 12.5, 3.25, 12.75], "texture": "#0"},
				"up": {"uv": [3, 12.5, 2.25, 12.25], "texture": "#0"},
				"down": {"uv": [3.75, 12.25, 3, 12.5], "texture": "#0"}
			}
		},
		{
			"from": [12, 17, -12],
			"to": [13, 22, -11],
			"rotation": {"angle": 22.5, "axis": "z", "origin": [12, 17, -12]},
			"faces": {
				"north": {"uv": [6.25, 12.25, 6.5, 13.5], "texture": "#0"},
				"east": {"uv": [6, 12.25, 6.25, 13.5], "texture": "#0"},
				"south": {"uv": [6.75, 12.25, 7, 13.5], "texture": "#0"},
				"west": {"uv": [6.5, 12.25, 6.75, 13.5], "texture": "#0"},
				"up": {"uv": [6.5, 12.25, 6.25, 12], "texture": "#0"},
				"down": {"uv": [6.75, 12, 6.5, 12.25], "texture": "#0"}
			}
		},
		{
			"from": [6, 10, -16],
			"to": [11, 13, -15],
			"rotation": {"angle": 0, "axis": "y", "origin": [8, 13, -15]},
			"faces": {
				"north": {"uv": [2.25, 11.5, 3.5, 12.25], "texture": "#0"},
				"east": {"uv": [2, 11.5, 2.25, 12.25], "texture": "#0"},
				"south": {"uv": [3.75, 11.5, 5, 12.25], "texture": "#0"},
				"west": {"uv": [3.5, 11.5, 3.75, 12.25], "texture": "#0"},
				"up": {"uv": [3.5, 11.5, 2.25, 11.25], "texture": "#0"},
				"down": {"uv": [4.75, 11.25, 3.5, 11.5], "texture": "#0"}
			}
		},
		{
			"from": [11, 14, -12],
			"to": [12, 18, -11],
			"rotation": {"angle": -22.5, "axis": "z", "origin": [12, 15, -12]},
			"faces": {
				"north": {"uv": [12.75, 8.5, 13, 9.5], "texture": "#0"},
				"east": {"uv": [12.5, 8.5, 12.75, 9.5], "texture": "#0"},
				"south": {"uv": [13.25, 8.5, 13.5, 9.5], "texture": "#0"},
				"west": {"uv": [13, 8.5, 13.25, 9.5], "texture": "#0"},
				"up": {"uv": [13, 8.5, 12.75, 8.25], "texture": "#0"},
				"down": {"uv": [13.25, 8.25, 13, 8.5], "texture": "#0"}
			}
		},
		{
			"from": [7, 10, -9],
			"to": [10, 12, 0],
			"rotation": {"angle": 0, "axis": "y", "origin": [9, 10, -1]},
			"faces": {
				"north": {"uv": [10.25, 7.75, 11, 8.25], "texture": "#0"},
				"east": {"uv": [8, 7.75, 10.25, 8.25], "texture": "#0"},
				"south": {"uv": [13.25, 7.75, 14, 8.25], "texture": "#0"},
				"west": {"uv": [11, 7.75, 13.25, 8.25], "texture": "#0"},
				"up": {"uv": [11, 7.75, 10.25, 5.5], "texture": "#0"},
				"down": {"uv": [11.75, 5.5, 11, 7.75], "texture": "#0"}
			}
		},
		{
			"from": [3, 7, 0],
			"to": [14, 14, 15],
			"rotation": {"angle": 0, "axis": "y", "origin": [10, 7, 2]},
			"faces": {
				"north": {"uv": [3.75, 3.75, 6.5, 5.5], "texture": "#0"},
				"east": {"uv": [0, 3.75, 3.75, 5.5], "texture": "#0"},
				"south": {"uv": [10.25, 3.75, 13, 5.5], "texture": "#0"},
				"west": {"uv": [6.5, 3.75, 10.25, 5.5], "texture": "#0"},
				"up": {"uv": [6.5, 3.75, 3.75, 0], "texture": "#0"},
				"down": {"uv": [9.25, 0, 6.5, 3.75], "texture": "#0"}
			}
		},
		{
			"from": [8, 11, 14],
			"to": [9, 12, 22],
			"rotation": {"angle": 45, "axis": "x", "origin": [9, 10, 14]},
			"faces": {
				"north": {"uv": [10, 10.25, 10.25, 10.5], "texture": "#0"},
				"east": {"uv": [8, 10.25, 10, 10.5], "texture": "#0"},
				"south": {"uv": [12.25, 10.25, 12.5, 10.5], "texture": "#0"},
				"west": {"uv": [10.25, 10.25, 12.25, 10.5], "texture": "#0"},
				"up": {"uv": [10.25, 10.25, 10, 8.25], "texture": "#0"},
				"down": {"uv": [10.5, 8.25, 10.25, 10.25], "texture": "#0"}
			}
		},
		{
			"from": [8, -1, 20],
			"to": [9, 7, 21],
			"rotation": {"angle": -22.5, "axis": "x", "origin": [9, 6, 20]},
			"faces": {
				"north": {"uv": [11.75, 10.75, 12, 12.75], "texture": "#0"},
				"east": {"uv": [11.5, 10.75, 11.75, 12.75], "texture": "#0"},
				"south": {"uv": [12.25, 10.75, 12.5, 12.75], "texture": "#0"},
				"west": {"uv": [12, 10.75, 12.25, 12.75], "texture": "#0"},
				"up": {"uv": [12, 10.75, 11.75, 10.5], "texture": "#0"},
				"down": {"uv": [12.25, 10.5, 12, 10.75], "texture": "#0"}
			}
		},
		{
			"from": [4, 0, 1],
			"to": [6, 9, 3],
			"rotation": {"angle": 0, "axis": "y", "origin": [5, 0, 2]},
			"faces": {
				"north": {"uv": [6, 9.75, 6.5, 12], "texture": "#0"},
				"east": {"uv": [5.5, 9.75, 6, 12], "texture": "#0"},
				"south": {"uv": [7, 9.75, 7.5, 12], "texture": "#0"},
				"west": {"uv": [6.5, 9.75, 7, 12], "texture": "#0"},
				"up": {"uv": [6.5, 9.75, 6, 9.25], "texture": "#0"},
				"down": {"uv": [7, 9.25, 6.5, 9.75], "texture": "#0"}
			}
		},
		{
			"from": [4, 0, 12],
			"to": [6, 8, 14],
			"rotation": {"angle": 0, "axis": "y", "origin": [5, 0, 13]},
			"faces": {
				"north": {"uv": [10, 11, 10.5, 13], "texture": "#0"},
				"east": {"uv": [9.5, 11, 10, 13], "texture": "#0"},
				"south": {"uv": [11, 11, 11.5, 13], "texture": "#0"},
				"west": {"uv": [10.5, 11, 11, 13], "texture": "#0"},
				"up": {"uv": [10.5, 11, 10, 10.5], "texture": "#0"},
				"down": {"uv": [11, 10.5, 10.5, 11], "texture": "#0"}
			}
		},
		{
			"from": [11, 0, 1],
			"to": [13, 9, 3],
			"rotation": {"angle": 0, "axis": "y", "origin": [12, 0, 2]},
			"faces": {
				"north": {"uv": [8, 11, 8.5, 13.25], "texture": "#0"},
				"east": {"uv": [7.5, 11, 8, 13.25], "texture": "#0"},
				"south": {"uv": [9, 11, 9.5, 13.25], "texture": "#0"},
				"west": {"uv": [8.5, 11, 9, 13.25], "texture": "#0"},
				"up": {"uv": [8.5, 11, 8, 10.5], "texture": "#0"},
				"down": {"uv": [9, 10.5, 8.5, 11], "texture": "#0"}
			}
		},
		{
			"from": [11, 0, 12],
			"to": [13, 8, 14],
			"rotation": {"angle": 0, "axis": "y", "origin": [12, 0, 13]},
			"faces": {
				"north": {"uv": [0.5, 11.75, 1, 13.75], "texture": "#0"},
				"east": {"uv": [0, 11.75, 0.5, 13.75], "texture": "#0"},
				"south": {"uv": [1.5, 11.75, 2, 13.75], "texture": "#0"},
				"west": {"uv": [1, 11.75, 1.5, 13.75], "texture": "#0"},
				"up": {"uv": [1, 11.75, 0.5, 11.25], "texture": "#0"},
				"down": {"uv": [1.5, 11.25, 1, 11.75], "texture": "#0"}
			}
		}
	],
	"display": {
		"thirdperson_righthand": {
			"rotation": [93, 0, 0],
			"translation": [0, -1.75, 0.75],
			"scale": [0.57617, 0.57617, 0.32422]
		},
		"thirdperson_lefthand": {
			"rotation": [91.75, 0, 0],
			"translation": [0, -2.25, 0],
			"scale": [0.36523, 0.57031, 0.29883]
		},
		"firstperson_righthand": {
			"rotation": [35.25, 0, 0],
			"translation": [0.5, 0, 0.75],
			"scale": [0.35547, 0.7168, 0.23242]
		},
		"firstperson_lefthand": {
			"rotation": [35.25, 0, 0],
			"translation": [-0.5, 0, 0.75],
			"scale": [0.35547, 0.7168, 0.23242]
		},
		"ground": {
			"translation": [0, 3.75, 0]
		},
		"gui": {
			"rotation": [180, -4.5, 180]
		},
		"head": {
			"translation": [0, 14.5, 0]
		},
		"fixed": {
			"rotation": [-180, 89.25, -180],
			"translation": [0, 0, -3.25]
		}
	},
	"groups": [
		{
			"name": "bull",
			"origin": [8, 9, 7],
			"color": 0,
			"children": [
				{
					"name": "head",
					"origin": [10, 9, -12],
					"color": 0,
					"children": [0, 1, 2, 3, 4, 5, 6, 7, 8, 9]
				},
				{
					"name": "body",
					"origin": [8, 9, 7],
					"color": 0,
					"children": [
						{
							"name": "bodys",
							"origin": [9, 10, -1],
							"color": 0,
							"children": [10]
						},
						11,
						{
							"name": "tail",
							"origin": [8, 10, 15],
							"color": 0,
							"children": [12, 13]
						}
					]
				},
				{
					"name": "rightleg1",
					"origin": [8, 6, 1],
					"color": 0,
					"children": [14]
				},
				{
					"name": "rightleg2",
					"origin": [5, 7, 13],
					"color": 0,
					"children": [15]
				},
				{
					"name": "leftleg1",
					"origin": [8, 6, -1],
					"color": 0,
					"children": [16]
				},
				{
					"name": "leftleg2",
					"origin": [12, 6, 12],
					"color": 0,
					"children": [17]
				}
			]
		}
	]
}