{
	"credit": "Made with Blockbench",
	"textures": {
		"0": "vine_flor",
		"2": "flower_vine",
		"particle": "vine_flor"
	},
	"elements": [
		{
			"name": "vine",
			"from": [0, 0, 15.5],
			"to": [16, 16, 15.5],
			"rotation": {"angle": 0, "axis": "y", "origin": [8, 8, 15.5]},
			"faces": {
				"north": {"uv": [0, 0, 16, 16], "texture": "#0"},
				"east": {"uv": [0, 0, 0, 16], "texture": "#0"},
				"south": {"uv": [0, 0, 16, 16], "texture": "#0"},
				"west": {"uv": [0, 0, 0, 16], "texture": "#0"},
				"up": {"uv": [0, 0, 16, 0], "texture": "#0"},
				"down": {"uv": [0, 0, 16, 0], "texture": "#0"}
			}
		},
		{
			"name": "flower",
			"from": [0, 8, 15.5],
			"to": [16, 17, 15.5],
			"rotation": {"angle": -22.5, "axis": "x", "origin": [8, 8, 15.5]},
			"faces": {
				"north": {"uv": [0, 0, 16, 9], "texture": "#2"},
				"east": {"uv": [0, 0, 0, 9], "texture": "#2"},
				"south": {"uv": [0, 0, 16, 9], "texture": "#2"},
				"west": {"uv": [0, 0, 0, 9], "texture": "#2"},
				"up": {"uv": [0, 0, 16, 0], "texture": "#2"},
				"down": {"uv": [0, 0, 16, 0], "texture": "#2"}
			}
		},
		{
			"name": "flower",
			"from": [0, -1, 15.5],
			"to": [16, 8, 15.5],
			"rotation": {"angle": 22.5, "axis": "x", "origin": [8, 8, 15.5]},
			"faces": {
				"north": {"uv": [16, 9, 0, 0], "texture": "#2"},
				"east": {"uv": [0, 0, 0, 8], "texture": "#2"},
				"south": {"uv": [0, 0, 16, 8], "texture": "#2"},
				"west": {"uv": [0, 0, 0, 8], "texture": "#2"},
				"up": {"uv": [0, 0, 16, 0], "texture": "#2"},
				"down": {"uv": [0, 0, 16, 0], "texture": "#2"}
			}
		}
	],
	"groups": [
		{
			"name": "vine",
			"origin": [8, 8, 8],
			"color": 0,
			"children": [0]
		},
		{
			"name": "flower",
			"origin": [8, 8, 8],
			"color": 0,
			"children": [1, 2]
		}
	]
}