{
	"credit": "Made with Blockbench",
	"texture_size": [64, 64],
	"textures": {
		"0": "shield"
	},
	"elements": [
		{
			"name": "shield",
			"from": [6, 18, 8],
			"to": [8, 24, 14],
			"rotation": {"angle": 0, "axis": "y", "origin": [8, 20, 8]},
			"faces": {
				"north": {"uv": [8, 1.5, 8.5, 3], "texture": "#0"},
				"east": {"uv": [6.5, 1.5, 8, 3], "texture": "#0"},
				"south": {"uv": [10, 1.5, 10.5, 3], "texture": "#0"},
				"west": {"uv": [8.5, 1.5, 10, 3], "texture": "#0"},
				"up": {"uv": [8.5, 1.5, 8, 0], "texture": "#0"},
				"down": {"uv": [9, 0, 8.5, 1.5], "texture": "#0"}
			}
		},
		{
			"name": "shield",
			"from": [1, 10, 7],
			"to": [13, 32, 8],
			"rotation": {"angle": 0, "axis": "y", "origin": [8, 17, 8]},
			"faces": {
				"north": {"uv": [0.25, 0.25, 3.25, 5.75], "texture": "#0"},
				"east": {"uv": [0, 0.25, 0.25, 5.75], "texture": "#0"},
				"south": {"uv": [3.5, 0.25, 6.5, 5.75], "texture": "#0"},
				"west": {"uv": [3.25, 0.25, 3.5, 5.75], "texture": "#0"},
				"up": {"uv": [3.25, 0.25, 0.25, 0], "texture": "#0"},
				"down": {"uv": [6.25, 0, 3.25, 0.25], "texture": "#0"}
			}
		}
	],
	"display": {
		"thirdperson_righthand": {
			"rotation": [68.5, 0, 0],
			"translation": [1.25, -4.5, -10.75]
		},
		"thirdperson_lefthand": {
			"rotation": [66, 0, 0],
			"translation": [-1, -4.25, -10]
		},
		"firstperson_righthand": {
			"rotation": [15.75, 0, 0],
			"translation": [0, -9, 0],
			"scale": [1, 0.71289, 1]
		},
		"firstperson_lefthand": {
			"translation": [0, -13, 0],
			"scale": [1, 0.80469, 1]
		},
		"gui": {
			"translation": [0, -10, 0],
			"scale": [1, 0.70508, 1]
		},
		"fixed": {
			"translation": [0, -10.5, 0],
			"scale": [1, 0.7793, 1]
		}
	},
	"groups": [
		{
			"name": "shield",
			"origin": [7, 15.5, 11],
			"color": 0,
			"children": [0, 1]
		}
	]
}