{
  "variants": {
    "face=floor,facing=east,powered=false": {
      "model": "the_tools_and_more:block/aqua_buttom",
      "y": 90
    },
    "face=floor,facing=west,powered=false": {
      "model": "the_tools_and_more:block/aqua_buttom",
      "y": 270
    },
    "face=floor,facing=south,powered=false": {
      "model": "the_tools_and_more:block/aqua_buttom",
      "y": 180
    },
    "face=floor,facing=north,powered=false": {
      "model": "the_tools_and_more:block/aqua_buttom"
    },
    "face=wall,facing=east,powered=false": {
      "model": "the_tools_and_more:block/aqua_buttom",
      "uvlock": true,
      "x": 90,
      "y": 90
    },
    "face=wall,facing=west,powered=false": {
      "model": "the_tools_and_more:block/aqua_buttom",
      "uvlock": true,
      "x": 90,
      "y": 270
    },
    "face=wall,facing=south,powered=false": {
      "model": "the_tools_and_more:block/aqua_buttom",
      "uvlock": true,
      "x": 90,
      "y": 180
    },
    "face=wall,facing=north,powered=false": {
      "model": "the_tools_and_more:block/aqua_buttom",
      "uvlock": true,
      "x": 90
    },
    "face=ceiling,facing=east,powered=false": {
      "model": "the_tools_and_more:block/aqua_buttom",
      "x": 180,
      "y": 270
    },
    "face=ceiling,facing=west,powered=false": {
      "model": "the_tools_and_more:block/aqua_buttom",
      "x": 180,
      "y": 90
    },
    "face=ceiling,facing=south,powered=false": {
      "model": "the_tools_and_more:block/aqua_buttom",
      "x": 180
    },
    "face=ceiling,facing=north,powered=false": {
      "model": "the_tools_and_more:block/aqua_buttom",
      "x": 180,
      "y": 180
    },
    "face=floor,facing=east,powered=true": {
      "model": "the_tools_and_more:block/aqua_buttom_pressed",
      "y": 90
    },
    "face=floor,facing=west,powered=true": {
      "model": "the_tools_and_more:block/aqua_buttom_pressed",
      "y": 270
    },
    "face=floor,facing=south,powered=true": {
      "model": "the_tools_and_more:block/aqua_buttom_pressed",
      "y": 180
    },
    "face=floor,facing=north,powered=true": {
      "model": "the_tools_and_more:block/aqua_buttom_pressed"
    },
    "face=wall,facing=east,powered=true": {
      "model": "the_tools_and_more:block/aqua_buttom_pressed",
      "uvlock": true,
      "x": 90,
      "y": 90
    },
    "face=wall,facing=west,powered=true": {
      "model": "the_tools_and_more:block/aqua_buttom_pressed",
      "uvlock": true,
      "x": 90,
      "y": 270
    },
    "face=wall,facing=south,powered=true": {
      "model": "the_tools_and_more:block/aqua_buttom_pressed",
      "uvlock": true,
      "x": 90,
      "y": 180
    },
    "face=wall,facing=north,powered=true": {
      "model": "the_tools_and_more:block/aqua_buttom_pressed",
      "uvlock": true,
      "x": 90
    },
    "face=ceiling,facing=east,powered=true": {
      "model": "the_tools_and_more:block/aqua_buttom_pressed",
      "x": 180,
      "y": 270
    },
    "face=ceiling,facing=west,powered=true": {
      "model": "the_tools_and_more:block/aqua_buttom_pressed",
      "x": 180,
      "y": 90
    },
    "face=ceiling,facing=south,powered=true": {
      "model": "the_tools_and_more:block/aqua_buttom_pressed",
      "x": 180
    },
    "face=ceiling,facing=north,powered=true": {
      "model": "the_tools_and_more:block/aqua_buttom_pressed",
      "x": 180,
      "y": 180
    }
  }
}