{
  "_fv": 77,
  "_type": "tool",
  "definition": {
    "toolType": "Hoe",
    "renderType": 0,
    "blockingRenderType": 0,
    "texture": "aquadark_hoe",
    "customModelName": "Normal",
    "blockingModelName": "Normal blocking",
    "name": "AquaDark Hoe",
    "specialInformation": {
      "fixedValue": []
    },
    "creativeTabs": [
      {
        "value": "CUSTOM:Herramientas"
      }
    ],
    "efficiency": 16.0,
    "attackSpeed": 4.0,
    "enchantability": 14,
    "damageVsEntity": 1.0,
    "usageCount": 7000,
    "glowCondition": {
      "fixedValue": false
    },
    "repairItems": [
      {
        "value": "CUSTOM:AquaDarkPlanks"
      }
    ],
    "immuneToFire": false,
    "blockDropsTier": "GOLD",
    "blocksAffected": [],
    "stayInGridWhenCrafting": false,
    "damageOnCrafting": false
  }
}