{
  "_fv": 77,
  "_type": "dimension",
  "definition": {
    "biomesInDimension": [
      {
        "value": "CUSTOM:BernyForest"
      }
    ],
    "worldGenType": "Normal world gen",
    "mainFillerBlock": {
      "value": "CUSTOM:RedReinforcedBricks"
    },
    "fluidBlock": {
      "value": "CUSTOM:RedWater"
    },
    "seaLevel": 11,
    "generateOreVeins": true,
    "generateAquifers": true,
    "horizontalNoiseSize": 1,
    "verticalNoiseSize": 2,
    "defaultEffects": "overworld",
    "useCustomEffects": true,
    "hasClouds": true,
    "cloudHeight": 192.0,
    "skyType": "NORMAL",
    "sunHeightAffectsFog": true,
    "canRespawnHere": false,
    "hasFog": false,
    "ambientLight": 0.0,
    "doesWaterVaporize": false,
    "hasFixedTime": false,
    "fixedTimeValue": 0,
    "coordinateScale": 1.0,
    "infiniburnTag": "minecraft:infiniburn_overworld",
    "bedWorks": true,
    "hasSkyLight": true,
    "imitateOverworldBehaviour": true,
    "piglinSafe": false,
    "hasRaids": true,
    "minMonsterSpawnLightLimit": 0,
    "maxMonsterSpawnLightLimit": 7,
    "monsterSpawnBlockLightLimit": 0,
    "portalFrame": {
      "value": "CUSTOM:Magnifictecioss"
    },
    "portalParticles": {
      "value": "WATER_BUBBLE"
    },
    "portalLuminance": 3,
    "portalSound": {
      "value": "block.portal.ambient"
    },
    "enableIgniter": true,
    "igniterName": "§7Book And Quil",
    "igniterRarity": "EPIC",
    "specialInformation": {
      "fixedValue": [
        "§4Usalo Para Encender El Portal!"
      ]
    },
    "creativeTabs": [
      {
        "value": "CUSTOM:Herramientas"
      }
    ],
    "texture": "minecraft:writable_book",
    "portalTexture": "berny_log_top",
    "enablePortal": true
  }
}