{
  "_fv": 77,
  "_type": "structure",
  "definition": {
    "structure": "berny_house",
    "projection": "rigid",
    "ignoredBlocks": [
      {
        "value": "Blocks.STRUCTURE_BLOCK"
      },
      {
        "value": "Blocks.AIR"
      }
    ],
    "spacing": 5,
    "separation": 4,
    "restrictionBiomes": [
      {
        "value": "CUSTOM:BernyForest"
      }
    ],
    "terrainAdaptation": "none",
    "generationStep": "SURFACE_STRUCTURES",
    "surfaceDetectionType": "WORLD_SURFACE_WG",
    "useStartHeight": true,
    "startHeightProviderType": "UNIFORM",
    "startHeightMin": 63,
    "startHeightMax": 64,
    "size": 1,
    "maxDistanceFromCenter": 64,
    "jigsawPools": [
      {
        "poolName": "berny_house",
        "fallbackPool": "the_tools_and_more:berny_house_berny_house",
        "poolParts": [
          {
            "weight": 100,
            "structure": "berny_house",
            "projection": "rigid",
            "ignoredBlocks": [
              {
                "value": "Blocks.AIR"
              },
              {
                "value": "Blocks.STRUCTURE_BLOCK"
              }
            ]
          }
        ]
      }
    ]
  }
}