{
  "_fv": 77,
  "_type": "villagertrade",
  "definition": {
    "tradeEntries": [
      {
        "villagerProfession": {
          "value": "CUSTOM:MetistTrading"
        },
        "entries": [
          {
            "price1": {
              "value": "CUSTOM:RubyIngot"
            },
            "countPrice1": 7,
            "price2": {
              "value": ""
            },
            "countPrice2": 1,
            "offer": {
              "value": "CUSTOM:RubbyArmor.helmet"
            },
            "countOffer": 1,
            "level": 1,
            "maxTrades": 70,
            "xp": 7,
            "priceMultiplier": 1.0
          },
          {
            "price1": {
              "value": "CUSTOM:RubyIngot"
            },
            "countPrice1": 9,
            "price2": {
              "value": ""
            },
            "countPrice2": 1,
            "offer": {
              "value": "CUSTOM:RubbyArmor.body"
            },
            "countOffer": 1,
            "level": 1,
            "maxTrades": 70,
            "xp": 5,
            "priceMultiplier": 1.0
          },
          {
            "price1": {
              "value": "CUSTOM:RubyIngot"
            },
            "countPrice1": 6,
            "price2": {
              "value": ""
            },
            "countPrice2": 1,
            "offer": {
              "value": "CUSTOM:RubbyArmor.legs"
            },
            "countOffer": 1,
            "level": 1,
            "maxTrades": 70,
            "xp": 7,
            "priceMultiplier": 1.0
          },
          {
            "price1": {
              "value": "CUSTOM:RubyIngot"
            },
            "countPrice1": 6,
            "price2": {
              "value": ""
            },
            "countPrice2": 1,
            "offer": {
              "value": "CUSTOM:RubbyArmor.boots"
            },
            "countOffer": 1,
            "level": 1,
            "maxTrades": 70,
            "xp": 7,
            "priceMultiplier": 0.05
          },
          {
            "price1": {
              "value": "Blocks.OBSIDIAN"
            },
            "countPrice1": 12,
            "price2": {
              "value": ""
            },
            "countPrice2": 1,
            "offer": {
              "value": "CUSTOM:ObsidianArmor.helmet"
            },
            "countOffer": 1,
            "level": 5,
            "maxTrades": 30,
            "xp": 7,
            "priceMultiplier": 0.05
          },
          {
            "price1": {
              "value": "Blocks.CRYING_OBSIDIAN"
            },
            "countPrice1": 12,
            "price2": {
              "value": ""
            },
            "countPrice2": 1,
            "offer": {
              "value": "CUSTOM:ObsidianArmor.body"
            },
            "countOffer": 1,
            "level": 5,
            "maxTrades": 30,
            "xp": 7,
            "priceMultiplier": 0.05
          },
          {
            "price1": {
              "value": "Blocks.CRYING_OBSIDIAN"
            },
            "countPrice1": 11,
            "price2": {
              "value": ""
            },
            "countPrice2": 1,
            "offer": {
              "value": "CUSTOM:ObsidianArmor.legs"
            },
            "countOffer": 1,
            "level": 5,
            "maxTrades": 30,
            "xp": 7,
            "priceMultiplier": 0.05
          },
          {
            "price1": {
              "value": "Blocks.CRYING_OBSIDIAN"
            },
            "countPrice1": 10,
            "price2": {
              "value": ""
            },
            "countPrice2": 1,
            "offer": {
              "value": "CUSTOM:ObsidianArmor.boots"
            },
            "countOffer": 1,
            "level": 5,
            "maxTrades": 30,
            "xp": 7,
            "priceMultiplier": 0.05
          }
        ]
      }
    ]
  }
}