{
  "_fv": 77,
  "_type": "tool",
  "definition": {
    "toolType": "Sword",
    "renderType": 0,
    "blockingRenderType": 0,
    "texture": "ruby_sword",
    "customModelName": "Normal",
    "blockingModelName": "Normal blocking",
    "name": "Rubby Sword",
    "specialInformation": {
      "fixedValue": []
    },
    "creativeTabs": [
      {
        "value": "CUSTOM:Herramientas"
      }
    ],
    "efficiency": 11.0,
    "attackSpeed": 2.0,
    "enchantability": 14,
    "damageVsEntity": 19.0,
    "usageCount": 9000,
    "glowCondition": {
      "fixedValue": false
    },
    "repairItems": [
      {
        "value": "CUSTOM:RubyIngot"
      }
    ],
    "immuneToFire": false,
    "blockDropsTier": "GOLD",
    "blocksAffected": [],
    "stayInGridWhenCrafting": false,
    "damageOnCrafting": false
  }
}