{
  "_fv": 77,
  "_type": "tool",
  "definition": {
    "toolType": "Sword",
    "renderType": 0,
    "blockingRenderType": 0,
    "texture": "ruby_sword",
    "customModelName": "Normal",
    "blockingModelName": "Normal blocking",
    "name": "Ruby Sword",
    "specialInformation": {
      "fixedValue": []
    },
    "creativeTabs": [
      {
        "value": "CUSTOM:Herramientas"
      }
    ],
    "efficiency": 8.0,
    "attackSpeed": 3.0,
    "enchantability": 16,
    "damageVsEntity": 14.0,
    "usageCount": 5000,
    "glowCondition": {
      "fixedValue": false
    },
    "repairItems": [
      {
        "value": "CUSTOM:Ruby"
      }
    ],
    "immuneToFire": false,
    "blockDropsTier": "DIAMOND",
    "blocksAffected": [],
    "stayInGridWhenCrafting": false,
    "damageOnCrafting": false
  }
}