{
  "_fv": 77,
  "_type": "recipe",
  "definition": {
    "recipeType": "Crafting",
    "recipeRetstackSize": 1,
    "group": "",
    "cookingBookCategory": "MISC",
    "xpReward": 0.0,
    "cookingTime": 200,
    "craftingBookCategory": "EQUIPMENT",
    "recipeShapeless": false,
    "recipeSlots": [
      {
        "value": "CUSTOM:Ruby"
      },
      {
        "value": "CUSTOM:Ruby"
      },
      {
        "value": "CUSTOM:Ruby"
      },
      {
        "value": "CUSTOM:Ruby"
      },
      {
        "value": ""
      },
      {
        "value": "CUSTOM:Ruby"
      },
      {
        "value": ""
      },
      {
        "value": ""
      },
      {
        "value": ""
      }
    ],
    "recipeReturnStack": {
      "value": "CUSTOM:RubyArmor.helmet"
    },
    "name": "ruby_armor_helmet_recipe",
    "namespace": "mod"
  }
}