{
  "_fv": 77,
  "_type": "tool",
  "definition": {
    "toolType": "Pickaxe",
    "renderType": 0,
    "blockingRenderType": 0,
    "texture": "ruby_pickaxe",
    "customModelName": "Normal",
    "blockingModelName": "Normal blocking",
    "name": "Ruby Pickaxe",
    "specialInformation": {
      "fixedValue": []
    },
    "creativeTabs": [
      {
        "value": "CUSTOM:Herramientas"
      }
    ],
    "efficiency": 9.0,
    "attackSpeed": 2.0,
    "enchantability": 15,
    "damageVsEntity": 5.0,
    "usageCount": 5000,
    "glowCondition": {
      "fixedValue": false
    },
    "repairItems": [
      {
        "value": "CUSTOM:Ruby"
      }
    ],
    "immuneToFire": false,
    "blockDropsTier": "DIAMOND",
    "blocksAffected": [],
    "stayInGridWhenCrafting": false,
    "damageOnCrafting": false
  }
}