{
	"credit": "Made with Blockbench",
	"parent": "the_tools_and_utilies:ladder",
	"texture_size": [32, 32],
	"textures": {
		"0": "block/ladder",
		"particle": "block/ladder"
	},
	"elements": [
		{
			"name": "ladder",
			"from": [3.25, 0, 7.5],
			"to": [12.5, 22.5, 8],
			"rotation": {"angle": 0, "axis": "y", "origin": [8, 0, 8]},
			"faces": {
				"north": {"uv": [0, 0, 4.5, 11.5], "texture": "#0"},
				"east": {"uv": [9, 0, 9.5, 11.5], "texture": "#0"},
				"south": {"uv": [4.5, 0, 9, 11.5], "texture": "#0"},
				"west": {"uv": [9.5, 0, 10, 11.5], "texture": "#0"},
				"up": {"uv": [14.5, 0.5, 10, 0], "texture": "#0"},
				"down": {"uv": [14.5, 0.5, 10, 1], "texture": "#0"}
			}
		}
	],
	"display": {
		"thirdperson_righthand": {
			"translation": [0, -0.75, 1.5],
			"scale": [0.55664, 0.52539, 1]
		},
		"thirdperson_lefthand": {
			"translation": [0, -0.25, 0],
			"scale": [0.60938, 0.65234, 1]
		},
		"firstperson_righthand": {
			"scale": [0.75586, 0.52148, 1]
		},
		"firstperson_lefthand": {
			"scale": [0.79297, 0.56445, 1]
		},
		"gui": {
			"translation": [0, -2, 0],
			"scale": [1, 0.63086, 1]
		},
		"head": {
			"translation": [0, 11.25, 0]
		},
		"fixed": {
			"translation": [0, -1.75, 0],
			"scale": [1, 0.64258, 1]
		}
	},
	"groups": [
		{
			"name": "ladder",
			"origin": [8, 0, 8],
			"color": 0,
			"children": [0]
		}
	]
}